,filename,content_hash,class
0,../data//024.txt,556013314272ea728978b82086844082f94cb1335fa4f96913165b67da0811cb,malicious
1,../data//023.txt,4b4e21801fe620c2b4942c0e69c5812077691a2693d92510c3e5a6e8b09b934f,malicious
2,../data//015.txt,2fdc9396fe626f9fb65b50148c13ac7f5c3942f0f7b4b1f201445b6e426be454,malicious
3,../data//012.txt,8305757b75ba38b175fb67d94230f5acddcd89b315f71acfaa266b5128e782fb,malicious
4,../data//046.txt,924c25e503792d12b9c161919878e29f47c1acce08cc4c03976bbc0e60ce181e,malicious
5,../data//041.txt,29e9301a2a4536910df563d965e6f7017786f229133c19b925216b0c056423b9,malicious
6,../data//048.txt,8b15999cff808e9477d25bf0f839ac7c93fa4e62710fb6ae29d33787f1a05f12,malicious
7,../data//013.txt,cdee11382a227ef32c72808129deabd7deab5e5c41ed31108242e7f53e2c62d7,malicious
8,../data//014.txt,f2945753c6cedf8e7b8e8f4e04859591c3edf18c7652a00f9765ac99694cc874,malicious
9,../data//022.txt,e786d07582576bc3b4c243e481182ba594d67cc052c25bb918363c73c9e4093d,malicious
10,../data//025.txt,b055016e0d82c57b58cd126f26b4b8f4dae1441f0019bdaa42452e815f128944,malicious
11,../data//049.txt,dcf2bfb09c172275b642531c660d47df26764348c75ee16fcfc1cad4ccc31cd6,malicious
12,../data//040.txt,e3be8bb6d3f2e7bd860e41df6a60e1a5698bec5670ea127b627ef8b16fb0d254,malicious
13,../data//047.txt,3d05fee7a89dfce1ad029562fa7b84346bce12d932214cde9b26f266d53ce49c,malicious
14,../data//038.txt,1b5114a819cd0f44d02a11ac1f896e934a93cef4375292ca9aa763b8e41bddd9,malicious
15,../data//007.txt,c8d7d8497ba4665ca94fb10510c32cc6e972fe1f3e6bc97ba8c013cb8dcea42a,malicious
16,../data//009.txt,c252253deb8ce68d6c44f555d2ce707f7581dc7267f5d6a892a626469691ef9f,malicious
17,../data//036.txt,facc651f7697bb357b528e0fdcbfcb0601abcaad0f2bd31eee54792aa8ee66e3,malicious
18,../data//031.txt,d1b41547f2fd4a9706c60b58d264e37481ae25a8a0fc8dd2ac3599f4d309f297,malicious
19,../data//030.txt,06508c87783a6037eb53f2ff111574e37f6dc139a766125c3289059edb7d9e3a,malicious
20,../data//008.txt,7c902b5da243bec90b83e4d68e4e8c097d1e36e9d9508c5095023f801440d977,malicious
21,../data//037.txt,fb2e2174a3ec526861932043c1aa5b5e62e3abed0bb73e88e495eab66635e758,malicious
22,../data//001.txt,dd3f4329365ca4f289bcaf6acdf96919271500ea44e5513519cc53b079df8762,malicious
23,../data//039.txt,e4384092476483a23d496bfd661882246d5df6ea077d3ab21ee68335feabb3ab,malicious
24,../data//006.txt,2fb3d54a36d316831e170d9827dd8b7086875d24b92b1dda5b140151e75386f0,malicious
25,../data//042.txt,adfc3ee6ab7e57dbc349df73bd542742be77d2821c62aed04915f0b096bf73b2,malicious
26,../data//045.txt,91ba59c27003543aae7d75591bc24af192510c7c7b8363bc850e84c1e6b71c2f,malicious
27,../data//020.txt,6d743b99b24677afa60aa1f1763f038d492605a5fcca34ab450480a67bd8e3cf,malicious
28,../data//027.txt,8983a49ecabbaf24302233a8b30cae3b6f13a5d7ee684b0af8a58f19e49ace72,malicious
29,../data//018.txt,985750482ea09493ba540c98fe42e99bc6462bd8a24561f6fd24616e08930f0e,malicious
30,../data//011.txt,4b6f69b3ade95902351f28e2862234569b3ddd1166b1e936441b530524a32c33,malicious
31,../data//016.txt,dcca56dad3f0113326e3c2c025fb8c9c60721c81b5af8b7821969c7673307de9,malicious
32,../data//029.txt,48d0dff7748083a16125cedb4b20997b979945242e25af29b29136a51f69233c,malicious
33,../data//044.txt,6c219118acdf6e43d54298e2a7c268c0877a4f31c207cd29d2e038a858cea9fe,malicious
34,../data//043.txt,055672abeb2d5018279ea2ad039bfa752c1f8333c065e3830ba61b17a65f3731,malicious
35,../data//017.txt,deceb572b4fd9c2e2c964ea1a574082a7bb6cc3952ad0c2eaeabe64f20d706fe,malicious
36,../data//028.txt,7ca2a12054da7db5e2c5c1a6b58733f44c99aa2248944bf2ab7bbbf8b35a93cf,malicious
37,../data//010.txt,49b769536224f160b6087dc866edf6445531c6136ab76b9d5079ce622b043200,malicious
38,../data//026.txt,81d1f40bc96923bb16a120f4b769bb6a2d87e46498fa7fe271438996402965df,malicious
39,../data//019.txt,3411ffa29608d19dc77f53571010425fc94abd5dac92d6c2abffab6eb468c0ea,malicious
40,../data//021.txt,b66d26c8c6778111c88b1eef1b6ec9958dc2de73a7057b4573d854f0e3d30af1,malicious
41,../data//003.txt,5fa5248ba60327adaa4bb7bc36c7c4e80fb69c4368e29d8b4776f17b109f9768,malicious
42,../data//004.txt,e1ff405eb4bd0d3b159bc9d97006b59630425b21bf95eb48c5491d15ff35cac7,malicious
43,../data//032.txt,2a8307e808f656034bd30568bb99ba44dba2facbccbb43e30b2196e3697f390a,malicious
44,../data//035.txt,4233d225c143d87e4f6b79476a69d54389e434053a787b83b41192ea110d0bbf,malicious
45,../data//050.txt,e9762252c9ded9a1698aa83994743d69356ba15744fee7feea039ae5db825757,malicious
46,../data//034.txt,e88359d307506ada39f87134c98b63c9621230e23defa3489b256518fa013289,malicious
47,../data//033.txt,10192ceb4aa066216989c2b83dd3b460f0264d6672f64d1dff2addbe07fb1a5a,malicious
48,../data//005.txt,3009ff9d8a1675709ccb395bb2c45fb0046a19389e37f4e20bc672efee49f8cd,malicious
49,../data//002.txt,8a1ceb6687babe6ab82a38ca344d1092a7fc9bd6dbaf3420a3311c50131928ef,malicious
50,../data//man.txt,0c0bbcec087a5f7a59c5e1d6cfd852dae1eddbd4df6a60baa72ecd611d54a172,benign
51,../data//mkfifo.txt,0774ff0af094a8d0ca667d76a27ea291ce16a304e596affba2a6e75cf88a1496,benign
52,../data//hexdump.txt,73cf8ccec79b38a89909d816c16e9ce75e730d2bf5a9baa3174d7f700c022126,benign
53,../data//cmp.txt,c94332a96df9c34be3d259efffdd91658d9f3411de7cd488b311d0543ddc6a36,benign
54,../data//expand.txt,6c1f4c7253d813d21f5b4fffec29458a75be3a4ec5e1dc469b97ebecef68a32a,benign
55,../data//objdump.txt,fd31186a794ac649898c064811a714d167feffed0ba51d248419cd37b9402b66,benign
56,../data//binhex.txt,9b06f4830f761e6eee1bd545d37642dc0c2330978fd41f10c6b7521d25e46a60,benign
57,../data//tops.txt,0a91936fbda00f495b644225013c9d6fef1a6a02290087a5635095bf0374a725,benign
58,../data//du.txt,ea3231f784315f80adac6bcef8cd6668af026fcfb75b296670ac5f96db49bd73,benign
59,../data//host.txt,5836bc44bcce6d95b5e4e0bce240c280330429d2e96715e4389de8a98d1c3ce6,benign
60,../data//csplit.txt,e2cb1c6391fa00629c303d61f49011b9aa349db0d680b92aa0501bb1646d5755,benign
61,../data//file.txt,4d70fb29e8c47b246de4a17320ced07bcbadff5fc763685f37fc22c4155328e0,benign
62,../data//hash.txt,6b84445c57c474382fd4083629b8308d189e10a9a2bbd66c06b288e56b5b08a8,benign
63,../data//ld.txt,fd31186a794ac649898c064811a714d167feffed0ba51d248419cd37b9402b66,benign
64,../data//awk.txt,43fcf19b1b629409a5038eea6d18e0efc98424c288dafffad5489c15486482a7,benign
65,../data//mail.txt,f1e96bbaecd3d360da7079bf1601bec8bd0a08a5ed33db4e75357d30d79a2b51,benign
66,../data//printenv.txt,9056191e8b70bceb6cc493a24a55fa826b70a50ee299cdee3edfe93ad214a863,benign
67,../data//base64.txt,538339b1f023f8e6d796d40054e1943e3213149a2a269a4111e691981ad9aa0b,benign
68,../data//wc.txt,b0a76fca0dab83a88af70606365f7dcf1c4fbf6577c079e858e4bb418f48a58a,benign
69,../data//rsync.txt,a834f82556f2843766af45b808fcc41f2d449e6fbf4bd742ed858451d5636116,benign
70,../data//gzcat.txt,8fb135361812633ad3c53f1320e9a8806be1bfc412fb2f69349f3a64e128c8fb,benign
71,../data//gcc.txt,fd31186a794ac649898c064811a714d167feffed0ba51d248419cd37b9402b66,benign
72,../data//diff.txt,230b46f7ae41ead16a8acc4bde7684858272759d27375ae2247a4aa7bec4981f,benign
73,../data//cksum.txt,aedc00ad1874a880249b7ae148632d4ad5d9695a802a038508cde25bd8abca4f,benign
74,../data//gperf.txt,fd31186a794ac649898c064811a714d167feffed0ba51d248419cd37b9402b66,benign
75,../data//grep.txt,105a682c061489b0659152d91fc38a7f98d63bfa10b22e726f414816a7603253,benign
76,../data//zip.txt,d226386019eacdee6b4d6b00eb8d2a683055d8a94a7c3171307eb779dc2259f6,benign
77,../data//curl.txt,e9e63c7643ce1e7e6493209e2a390f447104a80d54c058d2fdf4c7c1e1f8c60a,benign
78,../data//killall.txt,564c383b25d1cf750c3175522fd3d178afcf4b4c548e8e04c62127dc416f7611,benign
79,../data//nc.txt,880aae29313b3e85cc2a443b9a58a24016d1a5da40662a6284223e3aa2f48886,benign
80,../data//make.txt,fd31186a794ac649898c064811a714d167feffed0ba51d248419cd37b9402b66,benign
81,../data//codesign.txt,1ff0d110d243fd6f21a81dfff45d3e0edd4c18aeed7eeda0119b446cb6aab3bf,benign
82,../data//mktemp.txt,2dd69f7b6c370cf9a21635575e93808744641935af28fc5ad849ee37e35f58f5,benign
83,../data//cut.txt,ace1290446f43f8af9004cea5de6282e7ebc588070d1ea92512d638ca8b49d21,benign
84,../data//nl.txt,36ee5eefd90b361787aefa2bd46a543b8090d343b2dd7b1fd9e30f595a573877,benign
85,../data//iptab.txt,b59fb8120ae3d89db9b6b207628ed5d8bd20b490e91b9bea8cf1f736a2600423,benign
86,../data//fold.txt,a7584bdafe37127286b91b5aa5db9ba1937fedb1d6415a3ca9fff51a17c59377,benign
87,../data//gnumake.txt,fd31186a794ac649898c064811a714d167feffed0ba51d248419cd37b9402b66,benign
88,../data//log.txt,27497073894ac77257980f6c6d2df1387232290be5a91f7670a31c455571ddfb,benign
89,../data//find.txt,f4d17e5e8eb52fb397af0f2edec760c5c22ccb50509f5fd18527df7cd0a150d3,benign
90,../data//zcat.txt,8fb135361812633ad3c53f1320e9a8806be1bfc412fb2f69349f3a64e128c8fb,benign
91,../data//fgrep.txt,105a682c061489b0659152d91fc38a7f98d63bfa10b22e726f414816a7603253,benign
92,../data//openssl.txt,fc8efefb339f4a36650386e474d0944c3fb1d08c7e82c0b40f4c67b3284bcf2f,benign
93,../data//hostinfo.txt,b6ed4bc1849dbcfd6e70d486fc1a6270f25c73f0f76f1e8e73db1411de5beb5e,benign
94,../data//open.txt,6499db69125e732b03aee8264893dcba11d653fe0c8a3cc3b009171ac64af2b7,benign
95,../data//git.txt,fd31186a794ac649898c064811a714d167feffed0ba51d248419cd37b9402b66,benign
96,../data//nohup.txt,d95cbeaff7fe658008f0d76a01dd3ec487771eed9428145cccc2f794c33e9a36,benign
97,../data//gem.txt,33d3de0ce69f659ed5e3d0c7bfd3c56f2b57729e2785f09957356bd0f026b9bc,benign
98,../data//expect.txt,6ae1f1dab810ca532843e483f1bbcba50b103d865ef5d724dd0c184ca0eb52d5,benign
99,../data//gunzip.txt,8fb135361812633ad3c53f1320e9a8806be1bfc412fb2f69349f3a64e128c8fb,benign
